id,name,category,gender,follower_count,platform,persona
1,Susan Franklin,Lifestyle,Male,126958,Instagram,Gym Trainer
2,Vanessa Webb,Fitness,Male,151867,Instagram,Athlete
3,Jeremy Smith,Fitness,Female,136932,Instagram,Athlete
4,John Mendoza,Vitamins,Male,108694,Instagram,Athlete
5,Erica Ortiz,Vitamins,Male,124879,Twitter,Fitness Blogger
6,Christy Gross,Vitamins,Male,115268,YouTube,Nutritionist
7,Michael Roberts,Bodybuilding,Male,59886,Instagram,Nutritionist
8,Lisa Stewart,Nutrition,Female,142337,Instagram,Nutritionist
9,Adam Hernandez,Bodybuilding,Male,173266,Instagram,Athlete
10,Brandon Wallace,Vitamins,Female,92498,YouTube,Nutritionist
11,Betty Benitez,Bodybuilding,Male,117727,Twitter,Athlete
12,Cody Snyder,Vitamins,Female,131324,Instagram,Nutritionist
13,Zachary Forbes,Nutrition,Female,180203,Twitter,Athlete
14,Matthew Kelley,Nutrition,Male,196335,Twitter,Nutritionist
15,Susan Hayes,Fitness,Male,21023,Instagram,Fitness Blogger
16,Michael Casey,Lifestyle,Female,46090,YouTube,Gym Trainer
17,Lisa Le,Nutrition,Female,72221,YouTube,Nutritionist
18,Tiffany Elliott,Nutrition,Male,69820,Twitter,Gym Trainer
19,Deborah Meyers,Bodybuilding,Male,5769,YouTube,Nutritionist
20,Brandy Cook,Lifestyle,Male,64735,Twitter,Athlete
21,Hailey Poole,Lifestyle,Male,199027,Instagram,Fitness Blogger
22,Jordan Robbins,Nutrition,Female,69925,Instagram,Nutritionist
23,Lindsey Evans,Bodybuilding,Male,10311,Twitter,Fitness Blogger
24,Jonathan Owen,Lifestyle,Female,108355,Instagram,Gym Trainer
25,Jordan Wilcox,Vitamins,Male,189779,Twitter,Nutritionist
26,Cindy Escobar,Bodybuilding,Female,90305,Twitter,Nutritionist
27,Claire Walker,Vitamins,Male,164765,Instagram,Fitness Blogger
28,John Larson,Fitness,Male,135608,Instagram,Gym Trainer
29,Holly Miller,Bodybuilding,Male,161730,Twitter,Athlete
30,Mason Durham,Vitamins,Female,89478,YouTube,Fitness Blogger
31,Miguel Brown,Fitness,Female,127537,Twitter,Athlete
32,Jason Hicks,Lifestyle,Female,154503,Twitter,Athlete
33,Jason Montoya,Nutrition,Female,135523,YouTube,Fitness Blogger
34,Nathan Wilson,Lifestyle,Male,7747,Twitter,Gym Trainer
35,James Franklin,Lifestyle,Male,128855,Twitter,Gym Trainer
36,William Terry,Nutrition,Male,195222,YouTube,Athlete
37,Virginia Herrera,Fitness,Female,70725,YouTube,Athlete
38,Erica Bridges,Nutrition,Female,134981,YouTube,Athlete
39,Jennifer James,Fitness,Male,89654,Twitter,Athlete
40,George Flores,Vitamins,Female,171845,Instagram,Gym Trainer
41,William Harper,Bodybuilding,Male,124346,Twitter,Gym Trainer
42,Anna Ray,Vitamins,Female,72435,Twitter,Fitness Blogger
43,Crystal Carpenter,Nutrition,Male,61886,Twitter,Nutritionist
44,Kristin Santos,Lifestyle,Female,71803,Twitter,Fitness Blogger
45,Gina Morris,Nutrition,Female,36551,Instagram,Gym Trainer
46,Scott Shaw,Fitness,Male,121216,YouTube,Gym Trainer
47,Rhonda Collier,Fitness,Male,16394,Instagram,Athlete
48,Brian Duran,Fitness,Male,74092,Instagram,Nutritionist
49,Jeffrey Ballard,Nutrition,Male,8890,Twitter,Nutritionist
50,Martin Davis,Vitamins,Female,46606,Instagram,Gym Trainer
51,Erika Guzman,Bodybuilding,Female,92313,Instagram,Fitness Blogger
52,Lisa Ramos,Fitness,Male,146699,Instagram,Fitness Blogger
53,Nicole Moody,Bodybuilding,Female,13792,YouTube,Fitness Blogger
54,Michael Ali,Fitness,Male,179073,Twitter,Athlete
55,Dr. Taylor Williams,Lifestyle,Female,159969,Twitter,Athlete
56,Ms. Katie Jones,Nutrition,Male,73148,Instagram,Fitness Blogger
57,Valerie Wilson,Nutrition,Male,129243,YouTube,Nutritionist
58,Anne Williams,Fitness,Female,125174,Instagram,Fitness Blogger
59,Kellie Andrade,Vitamins,Male,159555,Instagram,Athlete
60,Samantha Reed,Nutrition,Male,129358,Instagram,Fitness Blogger
61,Erin Anderson,Nutrition,Female,53555,YouTube,Fitness Blogger
62,David Stewart,Bodybuilding,Male,22159,Instagram,Athlete
63,Donald Walker,Bodybuilding,Female,115510,YouTube,Nutritionist
64,Lindsay Huffman,Vitamins,Female,111530,Twitter,Fitness Blogger
65,Barbara Willis,Lifestyle,Male,85077,Instagram,Gym Trainer
66,Ronald Wong,Vitamins,Male,40920,Twitter,Athlete
67,Kelli Boyd,Fitness,Female,24457,Instagram,Fitness Blogger
68,Roy Burgess,Vitamins,Male,83953,Instagram,Athlete
69,Lisa Brown,Vitamins,Male,57995,Instagram,Athlete
70,Laura Avila,Fitness,Male,176829,YouTube,Gym Trainer
71,Ian Dunn,Fitness,Male,14692,Twitter,Fitness Blogger
72,Michael Torres,Nutrition,Female,181830,YouTube,Nutritionist
73,Charles Sanford,Bodybuilding,Male,42065,YouTube,Gym Trainer
74,Jason Durham,Lifestyle,Female,104299,YouTube,Athlete
75,Patricia Estes,Vitamins,Male,168678,YouTube,Athlete
76,Susan Murphy,Nutrition,Male,16534,Twitter,Nutritionist
77,Heidi Shah,Fitness,Male,45397,YouTube,Gym Trainer
78,Joseph Anderson,Nutrition,Female,96387,YouTube,Fitness Blogger
79,James Solomon,Vitamins,Female,6016,Twitter,Athlete
80,Brian Parker,Fitness,Female,60591,Twitter,Gym Trainer
81,Shannon Miranda,Fitness,Female,28247,Instagram,Gym Trainer
82,William Hancock,Vitamins,Female,29300,YouTube,Gym Trainer
83,Devin Wilson,Lifestyle,Female,87798,Instagram,Fitness Blogger
84,James Hill,Fitness,Female,14268,Instagram,Fitness Blogger
85,Adam Schroeder,Fitness,Female,91807,Instagram,Nutritionist
86,Sheri Ross,Lifestyle,Male,17185,Twitter,Gym Trainer
87,Dustin Williams,Bodybuilding,Female,199776,Twitter,Athlete
88,Joe Crawford,Nutrition,Male,175171,Instagram,Athlete
89,Kimberly Ponce,Vitamins,Female,144643,Twitter,Gym Trainer
90,Cameron Clayton,Fitness,Female,43044,Instagram,Nutritionist
91,Ann Davis,Lifestyle,Female,56214,Instagram,Gym Trainer
92,Sarah Conway DDS,Fitness,Male,197300,Twitter,Nutritionist
93,Donald Proctor,Nutrition,Female,119752,Twitter,Gym Trainer
94,Joseph Goodman,Bodybuilding,Male,53984,Instagram,Athlete
95,Martin Bird,Lifestyle,Male,45774,Twitter,Fitness Blogger
96,Amanda Gentry,Nutrition,Male,7568,YouTube,Athlete
97,Janet Edwards,Bodybuilding,Female,125151,Instagram,Gym Trainer
98,Cory Garza,Lifestyle,Male,198664,YouTube,Nutritionist
99,Amber Powell,Fitness,Male,138767,Instagram,Gym Trainer
100,Jordan White,Lifestyle,Female,129375,YouTube,Athlete
101,Allen Robinson,Vitamins,Female,184262,YouTube,Fitness Blogger
102,Dawn Shepherd,Fitness,Female,141330,Instagram,Nutritionist
103,Elizabeth Donaldson,Lifestyle,Male,44504,Twitter,Athlete
104,Jerry Austin,Bodybuilding,Male,169231,Twitter,Nutritionist
105,Patricia Grimes,Vitamins,Female,18986,YouTube,Athlete
106,Dennis Sweeney,Nutrition,Female,66858,Twitter,Nutritionist
107,Tracy Jackson,Bodybuilding,Male,134312,Twitter,Athlete
108,Timothy Burke,Bodybuilding,Male,17666,YouTube,Athlete
109,Andrew Weaver,Lifestyle,Female,43660,Twitter,Athlete
110,Timothy Miranda,Lifestyle,Female,139633,Twitter,Fitness Blogger
111,Dylan Brown,Lifestyle,Female,31854,YouTube,Gym Trainer
112,Amy Smith MD,Bodybuilding,Male,69505,YouTube,Gym Trainer
113,Amanda Bean,Vitamins,Female,109488,YouTube,Athlete
114,Carl Rogers,Nutrition,Female,188323,YouTube,Fitness Blogger
115,Miss Kaitlyn Colon,Bodybuilding,Female,27662,YouTube,Fitness Blogger
116,Debbie King,Bodybuilding,Male,13392,Twitter,Gym Trainer
117,Daniel Sullivan,Vitamins,Male,35535,YouTube,Nutritionist
118,Wendy Donovan,Lifestyle,Male,118569,Instagram,Gym Trainer
119,Anthony Moran,Fitness,Male,57256,Instagram,Athlete
120,Robert Wood,Vitamins,Male,94135,YouTube,Athlete
121,Stephanie Riddle,Vitamins,Female,132478,YouTube,Gym Trainer
122,Angela Chase,Bodybuilding,Female,40222,YouTube,Gym Trainer
123,Denise Adams,Fitness,Male,82373,Twitter,Athlete
124,Joseph Cruz,Nutrition,Female,128684,Instagram,Fitness Blogger
125,Jeff Phillips,Nutrition,Male,199407,Twitter,Athlete
126,Brandy Davis,Bodybuilding,Female,15965,Instagram,Nutritionist
127,Meagan Morales,Vitamins,Female,29538,Twitter,Fitness Blogger
128,Rebecca Ali,Bodybuilding,Female,113066,Instagram,Fitness Blogger
129,Samantha Gordon,Lifestyle,Female,118252,Instagram,Fitness Blogger
130,Eric Gonzales,Bodybuilding,Male,144182,YouTube,Athlete
131,Mr. Daniel Clark DDS,Lifestyle,Female,163338,Instagram,Nutritionist
132,Penny Schmitt,Fitness,Female,189064,Twitter,Gym Trainer
133,Kimberly Harmon,Bodybuilding,Male,103806,Instagram,Gym Trainer
134,Eric Brown,Bodybuilding,Male,142982,Instagram,Fitness Blogger
135,Amanda Bird,Bodybuilding,Female,115989,Twitter,Fitness Blogger
136,Mr. Francisco Hayes Jr.,Bodybuilding,Male,95982,Instagram,Fitness Blogger
137,Taylor Moran,Bodybuilding,Male,126626,Twitter,Fitness Blogger
138,Tiffany Jensen,Lifestyle,Male,124176,YouTube,Fitness Blogger
139,Wayne Martinez,Vitamins,Female,136278,Twitter,Gym Trainer
140,Julie Miller,Lifestyle,Female,127409,Instagram,Fitness Blogger
141,Jason Smith,Bodybuilding,Female,28419,Instagram,Nutritionist
142,Carl Garcia,Nutrition,Female,186708,Twitter,Fitness Blogger
143,Christopher Oconnell,Vitamins,Male,55015,Twitter,Athlete
144,Patrick Clark,Vitamins,Female,127096,Twitter,Athlete
145,Joshua Lawson,Bodybuilding,Male,112059,Twitter,Gym Trainer
146,Elizabeth Jones,Fitness,Female,190340,Instagram,Nutritionist
147,Nathan Yoder,Nutrition,Female,115687,YouTube,Fitness Blogger
148,Carlos Huffman,Bodybuilding,Female,92939,YouTube,Nutritionist
149,Linda Malone,Fitness,Female,154213,YouTube,Fitness Blogger
150,Richard Singleton,Vitamins,Male,110878,Twitter,Athlete
151,Steven Davis,Fitness,Female,192116,Instagram,Athlete
152,Maria Thompson,Nutrition,Male,169899,Instagram,Athlete
153,Dustin Perez,Nutrition,Male,191892,Instagram,Fitness Blogger
154,John Reynolds,Nutrition,Male,67623,Twitter,Fitness Blogger
155,Nicholas Thompson,Nutrition,Female,80450,YouTube,Athlete
156,Brittany Yoder,Fitness,Male,98426,YouTube,Athlete
157,Daniel Flores,Bodybuilding,Female,122845,Twitter,Fitness Blogger
158,Jessica Thomas,Vitamins,Male,158371,Instagram,Gym Trainer
159,Abigail Gomez,Lifestyle,Male,48585,Twitter,Athlete
160,Karen Martin,Vitamins,Male,114225,YouTube,Fitness Blogger
161,Nichole Duncan,Vitamins,Female,69044,Instagram,Nutritionist
162,Nicholas Burnett,Bodybuilding,Male,178629,YouTube,Athlete
163,Phillip Andrews,Bodybuilding,Female,185152,YouTube,Gym Trainer
164,Colin Nelson,Vitamins,Female,114556,Instagram,Nutritionist
165,Gregory Ramos,Bodybuilding,Female,7693,YouTube,Nutritionist
166,Bobby Thompson,Fitness,Female,100259,Instagram,Nutritionist
167,William Medina,Bodybuilding,Female,30939,Instagram,Fitness Blogger
168,Joanna Williams,Bodybuilding,Female,184997,Instagram,Nutritionist
169,Thomas Johnston,Nutrition,Male,179013,YouTube,Nutritionist
170,Todd Brooks,Lifestyle,Female,157906,YouTube,Nutritionist
171,Lisa Welch,Nutrition,Male,23047,Twitter,Athlete
172,Bryan Smith,Bodybuilding,Male,31105,Twitter,Fitness Blogger
173,William Nelson,Bodybuilding,Male,80766,Twitter,Fitness Blogger
174,Jon Garcia,Fitness,Female,151779,Instagram,Nutritionist
175,Richard Solis,Nutrition,Male,158048,YouTube,Nutritionist
176,Victoria Pearson,Vitamins,Female,49262,YouTube,Nutritionist
177,Mrs. Natasha Wolfe,Vitamins,Female,130117,Twitter,Nutritionist
178,Mary Pruitt,Bodybuilding,Female,28776,Twitter,Nutritionist
179,Donald Cortez,Nutrition,Female,166152,YouTube,Athlete
180,Jared Gallegos,Fitness,Male,133376,YouTube,Gym Trainer
181,Lori Webb,Bodybuilding,Male,197445,Instagram,Nutritionist
182,Pamela Bell,Nutrition,Female,142848,Instagram,Nutritionist
183,William Hampton,Nutrition,Male,97787,YouTube,Nutritionist
184,Margaret Benton,Vitamins,Male,132948,Twitter,Gym Trainer
185,Daniel Miller,Fitness,Female,60016,Instagram,Nutritionist
186,Albert Huynh,Bodybuilding,Male,145546,Twitter,Athlete
187,Troy Carter,Lifestyle,Male,194125,Twitter,Fitness Blogger
188,Jennifer Sutton,Lifestyle,Female,26959,YouTube,Gym Trainer
189,Latasha Jensen DVM,Bodybuilding,Male,141602,YouTube,Athlete
190,Jason Pineda,Bodybuilding,Male,124101,YouTube,Athlete
191,Monica Hall,Nutrition,Male,8748,Instagram,Nutritionist
192,Michael Hanna,Fitness,Male,18545,Instagram,Fitness Blogger
193,Thomas Lawson,Bodybuilding,Male,132659,Twitter,Fitness Blogger
194,Christopher Cooper,Vitamins,Female,170838,YouTube,Fitness Blogger
195,James Cross,Vitamins,Female,78530,Twitter,Athlete
196,Brenda Thompson,Nutrition,Male,98557,Instagram,Nutritionist
197,Teresa Gamble,Nutrition,Male,66087,Instagram,Gym Trainer
198,David Pena,Fitness,Male,73840,Instagram,Fitness Blogger
199,Nathaniel Johnson,Vitamins,Female,123451,Twitter,Fitness Blogger
200,Amber Davies,Nutrition,Female,190456,Instagram,Nutritionist
201,Gregory Berry,Bodybuilding,Female,56005,Twitter,Athlete
202,Heather Wolfe,Vitamins,Male,182648,YouTube,Gym Trainer
203,Audrey Thomas,Vitamins,Female,44353,Instagram,Gym Trainer
204,Anthony Bright,Nutrition,Male,198075,YouTube,Athlete
205,William Gutierrez,Lifestyle,Male,57733,Instagram,Nutritionist
206,Danny Hale,Bodybuilding,Female,70318,Instagram,Nutritionist
207,Benjamin Wilson,Vitamins,Female,159736,YouTube,Fitness Blogger
208,Jared Bowers,Vitamins,Female,72172,Instagram,Athlete
209,Marvin Gibson,Lifestyle,Female,98264,Twitter,Nutritionist
210,Lisa Smith,Nutrition,Male,31736,Instagram,Athlete
211,Andrew Smith,Fitness,Female,117859,Twitter,Gym Trainer
212,Deborah Davis,Bodybuilding,Female,117181,Twitter,Nutritionist
213,John Johnston,Bodybuilding,Male,136926,Twitter,Fitness Blogger
214,Joseph Villarreal,Lifestyle,Male,95084,YouTube,Fitness Blogger
215,Brianna Cantu,Fitness,Female,174695,YouTube,Gym Trainer
216,David Peterson,Bodybuilding,Female,12392,YouTube,Nutritionist
217,Susan Hoffman,Fitness,Female,60680,Twitter,Fitness Blogger
218,Nicholas Anderson,Lifestyle,Male,182789,YouTube,Nutritionist
219,Jennifer Hicks,Vitamins,Male,55859,YouTube,Athlete
220,Ashley White,Fitness,Female,130657,YouTube,Gym Trainer
221,Wendy Jackson,Bodybuilding,Female,162381,Twitter,Fitness Blogger
222,Natalie Price,Lifestyle,Male,199806,Instagram,Gym Trainer
223,Michael Duran,Bodybuilding,Female,75467,YouTube,Athlete
224,Brenda Johnson,Vitamins,Male,188734,Twitter,Gym Trainer
225,Sara Ingram,Vitamins,Male,103506,YouTube,Athlete
226,Sandra Bishop,Nutrition,Female,114751,Instagram,Athlete
227,Daniel Gilbert,Nutrition,Female,123906,Instagram,Fitness Blogger
228,Carol Roberts,Lifestyle,Female,148760,Twitter,Fitness Blogger
229,Leah Paul,Nutrition,Female,30342,YouTube,Fitness Blogger
230,Joseph Gonzales,Nutrition,Male,173229,YouTube,Gym Trainer
231,Melanie Lopez,Bodybuilding,Male,111308,YouTube,Nutritionist
232,John Lewis,Lifestyle,Female,188155,Instagram,Nutritionist
233,Marilyn Young,Bodybuilding,Female,111081,Instagram,Fitness Blogger
234,Beverly Garcia,Vitamins,Female,94045,YouTube,Fitness Blogger
235,John Miller,Nutrition,Female,39698,YouTube,Gym Trainer
236,Rodney Ball,Bodybuilding,Female,115078,Instagram,Athlete
237,Stephanie Krause,Bodybuilding,Female,85623,Twitter,Fitness Blogger
238,Jason Williams,Nutrition,Female,27671,Twitter,Fitness Blogger
239,Kristen House,Vitamins,Male,161256,Instagram,Nutritionist
240,Joel Martin MD,Fitness,Male,98384,YouTube,Fitness Blogger
241,Anna Ross,Nutrition,Male,178179,Twitter,Fitness Blogger
242,Shaun Brown,Bodybuilding,Male,91202,Instagram,Nutritionist
243,Michael Simmons,Bodybuilding,Female,56663,Twitter,Athlete
244,Gregory Mullins,Vitamins,Female,20708,Twitter,Fitness Blogger
245,Catherine Valdez,Bodybuilding,Female,96906,Twitter,Athlete
246,Christopher Jones,Lifestyle,Male,54811,Instagram,Gym Trainer
247,Maria Conley,Fitness,Male,138883,YouTube,Athlete
248,Scott Barker,Lifestyle,Female,61250,Instagram,Athlete
249,Derek Williams,Fitness,Male,117547,YouTube,Nutritionist
250,Elizabeth Dennis,Bodybuilding,Female,129249,YouTube,Gym Trainer
251,Emily Smith,Bodybuilding,Male,39754,Twitter,Gym Trainer
252,Bryan Stevens,Fitness,Male,147483,Instagram,Fitness Blogger
253,Matthew Hernandez,Vitamins,Male,138983,YouTube,Gym Trainer
254,Gina Ryan,Lifestyle,Male,144752,YouTube,Fitness Blogger
255,Dalton Frank,Fitness,Female,89896,Twitter,Fitness Blogger
256,Brianna Allen,Vitamins,Female,76295,Twitter,Gym Trainer
257,Joshua Floyd,Lifestyle,Male,105689,YouTube,Nutritionist
258,Amy Knight,Lifestyle,Female,16111,Twitter,Fitness Blogger
259,Crystal Simpson,Bodybuilding,Female,42504,Instagram,Fitness Blogger
260,Heather Davis,Bodybuilding,Male,137874,Instagram,Nutritionist
261,Nicholas Anthony,Lifestyle,Female,13155,Twitter,Athlete
262,John Pace,Fitness,Female,44384,YouTube,Athlete
263,Holly Ramsey,Nutrition,Female,117561,YouTube,Nutritionist
264,Lance Williams,Nutrition,Male,52254,Twitter,Nutritionist
265,Melissa Huynh,Fitness,Male,26918,Twitter,Athlete
266,Tyler Norton,Fitness,Female,90981,YouTube,Nutritionist
267,Gregory Andrews,Lifestyle,Male,196785,Instagram,Nutritionist
268,Eugene Sanchez,Nutrition,Female,35306,Instagram,Gym Trainer
269,Mario Wright,Vitamins,Female,152718,Twitter,Nutritionist
270,Roger Smith,Bodybuilding,Male,51843,YouTube,Nutritionist
271,Brittney Castillo,Bodybuilding,Female,125975,Instagram,Athlete
272,David May,Bodybuilding,Male,101601,Instagram,Nutritionist
273,Christine Curtis,Fitness,Male,112512,YouTube,Nutritionist
274,Peter Thomas,Lifestyle,Male,152443,YouTube,Nutritionist
275,Crystal Gonzalez,Lifestyle,Female,116472,Twitter,Athlete
276,Donald Zuniga,Fitness,Male,138121,YouTube,Nutritionist
277,Randall Villegas,Fitness,Male,167688,Twitter,Fitness Blogger
278,Jeffery Cooper,Bodybuilding,Female,108727,Twitter,Athlete
279,Ryan Stuart,Fitness,Male,117893,Instagram,Nutritionist
280,Casey Mendez,Fitness,Female,25932,Instagram,Gym Trainer
281,Cynthia Nash,Bodybuilding,Male,122796,YouTube,Nutritionist
282,Jennifer Martin,Nutrition,Female,34855,Twitter,Fitness Blogger
283,Gregory Rocha,Vitamins,Male,197506,YouTube,Fitness Blogger
284,Taylor Huffman,Lifestyle,Female,179088,Instagram,Gym Trainer
285,Sarah Underwood,Nutrition,Female,12400,YouTube,Nutritionist
286,Lisa Morgan,Lifestyle,Male,122858,Twitter,Nutritionist
287,Sandra Burton,Lifestyle,Male,178714,YouTube,Gym Trainer
288,Benjamin Rivera,Fitness,Male,20151,YouTube,Gym Trainer
289,Connie Garcia,Lifestyle,Male,187479,Instagram,Gym Trainer
290,Jill Schultz,Nutrition,Male,71690,Twitter,Athlete
291,Gloria Martinez,Nutrition,Male,9499,Twitter,Gym Trainer
292,Jessica Werner,Vitamins,Female,11295,Instagram,Athlete
293,Carol Williams,Nutrition,Female,125885,Instagram,Nutritionist
294,Jennifer Hogan,Fitness,Male,131071,Instagram,Gym Trainer
295,Joseph Roberts,Nutrition,Male,64040,YouTube,Nutritionist
296,Joseph Stewart,Lifestyle,Male,17183,Instagram,Athlete
297,Michael Gentry,Bodybuilding,Male,165371,Twitter,Athlete
298,Jessica Mccoy,Bodybuilding,Male,148946,YouTube,Nutritionist
299,Austin Flynn,Vitamins,Male,121336,YouTube,Gym Trainer
300,Justin Boyer,Vitamins,Male,37711,Twitter,Nutritionist
